{"cameraMode":{"drawMode":0,"name":"Shaded","section":"Shading Mode"},"sceneLighting":false,"audioPlay":false,"sceneViewState":{"showFog":true,"showMaterialUpdate":false,"showSkybox":true,"showFlares":true,"showImageEffects":true,"showParticleSystems":true},"in2DMode":false,"pivot":{"x":349.00872802734377,"y":225.958740234375,"z":0.0},"rotation":{"x":-0.10770869255065918,"y":-0.08430366963148117,"z":0.009166820906102658,"w":-0.9905596375465393},"size":241.81158447265626,"orthographic":true}